7b89ea26f77bda8176e655eee86029f28c1e6514b6d6e3450bce362b5b126ca3,Ajay,1814,5549149,155976503,2597
967ef22132c91e2aaeed9c5bd894b0c4b7481c54c1dc30c427abacd83b77d7d3,N0N4M3R,3792,3557412,51041348,340
d8a50af0840713b4517578b7111a6198ee858dfda0fbd1151b055216b0b5497e,d8a50af0840713b4517578b7111a6198ee858dfda0fbd1151b055216b0b5497e,9456,1090270,23059478,460
3c259701a6cb55ad36b5ac56acd03f0e4beb9bf2cf6ebd333edf8a912c7ba7c3,ankitxvanced,999,5142040,52399035,-4
9348a0e454c6eaa069a2888f4d4234449cc7a9bddb6ec72904d887a5578e1f0d,NoahTube,2728,1878111,58614610,810
edf06cc1eb2bb9d353b6e80f4ccbd4eb5ec7f8b983898d0873456d2eca92f47e,edf06cc1eb2bb9d353b6e80f4ccbd4eb5ec7f8b983898d0873456d2eca92f47e,7433,1321278,17566433,-174
3d0cb0c7bf20334b826c38ef22800af8457c54ad002ed8472c28dd095045d27a,ArdonPixels,1170,761602,23657620,436
a3a2e98ccfd8ce670db28762a470b08440046322ad99ce4a0799758eaf034664,a3a2e98ccfd8ce670db28762a470b08440046322ad99ce4a0799758eaf034664,926,687755,19698327,392
14727c023def8faa88b487355dab58823a64a30ab042dc8bf067981ec119d071,marz,2051,1140559,18210865,292
06eddb416d590d272acb096c0561d976640404de442df5e20c659ad30b2b578f,ÏÑ±Í≤©Ïù¥ ÏïÑÏ£º Í∏âÌïú Korean,33202,1348719,14994713,-52
e99fbafc7cf5af1101e24858f55b2d351931bfb3d6cdf70637d891b6f195de5f,eff,2657,1936967,32874715,705
510c37cf978a084840d41af9ddb3831351d7066b9c5dc3e9f0aff4f6c3707ad6,üá™üá∫,4626,357168,5475360,33
131bec9ba152f0aeaa9add31749094927d70d055fc8c47c0465a5606f0e4eb34,Ke0zom,4264,310916,5891366,390
62d5b28c3438098d01876bfcf97d746cb752e607dda916dfd3b8316fe384a375,mpstl,4161,1470894,39726811,135
8bfcfec8abb1299927456e8d1a07eda14e3e3495e8a98303009c6a02259fcd7e,8bfcfec8abb1299927456e8d1a07eda14e3e3495e8a98303009c6a02259fcd7e,211,203956,4073319,343
20924bf318b16fbffaa2763fcac41514b139437fb56de65f9e48b44b42a4094b,20924bf318b16fbffaa2763fcac41514b139437fb56de65f9e48b44b42a4094b,3263,933749,25147507,219
dfb44bb67660c11513ed257602823c97edbad5642d36e4efcd9c8752fd6afe8d,dfb44bb67660c11513ed257602823c97edbad5642d36e4efcd9c8752fd6afe8d,3243,0,0,92
963cdc21439055c825860792fa6ef0a48ffc8823f20f31a676ea41755c8e00b7,Night,2039,2260732,74199207,0
7beded04355f784a431aeb3b1467d51f8974b25230be16f9e5764030fe88cd25,7beded04355f784a431aeb3b1467d51f8974b25230be16f9e5764030fe88cd25,3762,794480,15071650,715
cc35ee96a216d788deb8075f4caa0444a70bec52ef940359b8bbea9014ba6aae,Felix14_v2,1106,873863,54106007,541
d85898904acd9398c7279f1db9317bfcb45e8eb3d26329c88df281b28d95dedc,Anizam,948,586707,43636480,355
fb82dddcc3a634958f20d95dff47f6f7943c593d908765ecfadbc7509a4780be,<script>alert("mini_bomba")</script>,2712,3391888,93807943,1995
b201a95fe59dfad9fa2e61e042588093646d3621bd96a6b2737c004a10ce257b,chequeredzebra,6796,563415,12609276,312
9eacef4fc36e62e5bae28ba654f6ee3843a6e484972b669cc64128ca9e436e6f,Qba_,8558,1557395,33854886,279
a0c21e7b654b84e535f9f935d0c73bb2f0c9ea5a62439b5d144ca10cf55ccb72,RJ,5607,887181,12584355,223
183fc46c2deef9f7463408166452b775394675518e9ef4d6131411b9bbf7ec35,183fc46c2deef9f7463408166452b775394675518e9ef4d6131411b9bbf7ec35,237,1349480,33260057,-39
dd71e85aeb1051b6556fe1c913a8669e963e2e4b5619499427773059fe68a0f6,Perambulation,3515,844229,22320684,273
c940940e796c8a606e9d476ef754959fdc690ae54dd5d25cf54ee12123aabc69,c940940e796c8a606e9d476ef754959fdc690ae54dd5d25cf54ee12123aabc69,559,449909,10675239,320
cb1f894f206c3f3f5a9774954392146623bee13f3726979cb99bc95ed0a60428,DiogeNEETs,559,1107145,27332559,1005
c7bdd6dc3f0bd4688ca8bd1f7a772e6ca65a42f3846ed0df3b879869b2d1f61e,UnventedManicotti (I'm off Discord rn. Tip me if you wanna chat),22253,4273385,133492978,-93
c0f8627c72c76cd64489f63bacbf94feb6790aed06dca0e5030f354bdebbaaf0,üëçChatter_org,3430,466683,28546435,295
24acb5016047a40ade836357c65c9f53de49218fea037008f3cfe3619a368576,lickityslick,2494,1243740,42409518,35
6eca6d034585ff984a11ef382deefa7e85c12b57dab20ef58f2dea486d6fcf5c,–ö–∏—Ç aka PaagrioJr üî•,11097,2722244,101600181,-252
d6e8b39e6a79917166486066667caab54a2dec5e8384e46f92a82ef56e775005,NN-Block,296082,33393725,264061273,2739
5aa2e6fed7dd03527f2cba1d7daf15f516df6a586943f1ca009b4147d7084261,Coso,8749,2068732,61302194,-616
66ad87ace0944c4ade74a9751582b5d1604bc3196e0e415f10062822000c1d21,CleverShadow,257,295460,9189506,374
20bb74bc59a43defbd8995e0e7c675fbabd375dfe79ed0d0456e363ba6089633,blabdude,21505,20930143,409551448,12504
dc5375287482bbb9b728efdbb06fccd574b6ec182f82183ace988d1c7032ffba,HeadMelter,4854,3832097,94123560,1012
d95c6c511f9bc252e267f93795f46df8f4a0e5fa0b00cd14b286b346573f1d14,Roki_100,1345,1329693,35459968,442
38c040ce69a60b44d5b76c887f54def0a788b0e5f37d149e3c9271c74fc004b0,DuckOfDuckness,7910,1956460,74654880,972
bf3a53583597678fc6b6201a634ea841b4a60d624c74a65a55dedb2741b7c232,P4R4D0X,15980,6047520,138371127,1445
6e57bf98e3ab9e04343855a7846bdcfc7b626369a43f4eae5b41529494ba7350,6e57bf98e3ab9e04343855a7846bdcfc7b626369a43f4eae5b41529494ba7350,1299,1978310,101629721,200
bf8e991257fc27b20a17847d31b9d7e861b5586011aae79be7414160459d2479,Dunban,4356,51629,3591251,-110
d742d4134301b513efd1fc758d8ed0a3a1fc71737476332cae64d8898df33ba8,Random Guy JCI,339,555622,14439791,614
abf970f790d2521a3f27a9a3efbd0e55a51c9e743e3913d97b68b338a18c095a,Valentina,1892,761241,45083118,78
b3b8958ec96a1292dc1190d00019007c3a9ddf695c64b50b755cd4a276343826,Simon Belmont,3103,345457,7480769,71
88d6294af55b97ccf47dc47c793b2b9eaf75ca5ccc934c73615a77fb3b9bdec2,Arturopakastur,2298,9996901,326219115,2832
9e62dcdffb600e2bfbbbb4f1c005db58ebb1e5081b90c3b78a6313e83261bcd3,SenorBenja,1884,1156682,39749328,244
23195ef015a2a08c4cc8c07f8508e324394294cdb4347ad2280a8641e5bb2983,Asphere,3016,1109561,48465050,520
d3b7e2271732fd95460fcd454bd4673940b95237baa1a06da19db82c07073eab,üÖ±üÖæüÖ±,17022,8227863,163591672,1398
1a3cb3d1f0aa7ffc28e9554a19d8192f0f08a56c5ae5c6880d431f66d2bbd900,wamp,7564,7520562,373957709,5104
b9f9d8acd780ff40a5b232f5f86ec0e3ab3610971a60ab6ce35aaa9c4b08d1fa,vodka,438,446107,12468875,326
5e75f99ed832cbc84ab21652d13965e68fdba935fa489cf62d4cd5568985bee4,5e75f99ed832cbc84ab21652d13965e68fdba935fa489cf62d4cd5568985bee4,4725,324898,4986159,-4
6261de7f603823fdb350728544bcf9f6934515d8142d22c78ac2f542e5e91112,WhatAds?,2509,4002090,28408297,22
93a9b3e685565d78392c222443ebec4dc552803b6c2b8f30c13e12e387de0ead,93a9b3e685565d78392c222443ebec4dc552803b6c2b8f30c13e12e387de0ead,2052,2774773,62222543,149
c4bc8966e909ec9cdcfc37cee20ea2c9714178e5a795d0042fcec617d719307c,c4bc8966e909ec9cdcfc37cee20ea2c9714178e5a795d0042fcec617d719307c,874,1675673,105640791,392
c8785fb5801e40272805986ccfebc671f8665c42d7af6a127833f02b1f8e8baf,c8785fb5801e40272805986ccfebc671f8665c42d7af6a127833f02b1f8e8baf,21,108247,69274251,-3
8d212c77d04918b9ff6b0dd4cfe258898506195742dad8596530cb5879fd5851,8d212c77d04918b9ff6b0dd4cfe258898506195742dad8596530cb5879fd5851,5781,834409,27772653,232
87d7cec9e8d6161da0c75d7fdad563e6223356c7b7875c5d3151342324daf988,Chief,613,418262,7924687,346
3b2dfc79e21701ad475e4461d1298cac7949faf1f4b3eff4fc893b9c585a0892,3b2dfc79e21701ad475e4461d1298cac7949faf1f4b3eff4fc893b9c585a0892,17705,637615,6621053,112
22322f72cbec061f23e045d4b9fd77a199bc18112a087cef360aa1b28d556f18,Mesidast,2420,1437869,44281552,826
83700fc52f35d1551a88c3c18b46ec5e0b1a8746082752252a4d379efd7f7385,Radbit,2093,2195562,165112811,445
de920860d2967314813c4aba24c37c0fe81d900d55d5392df2f88dee8fd8c8b8,de920860d2967314813c4aba24c37c0fe81d900d55d5392df2f88dee8fd8c8b8,3674,100646,3169660,-33
1d3de8a23535861135347ea419ac3f2f5808fa09d5112035194d4e94018b4d2a,1d3de8a23535861135347ea419ac3f2f5808fa09d5112035194d4e94018b4d2a,16719,987835,20969405,546
8f70e10569c61c2e03bdadb1385aeb326eff279e238ba4beb3742d348235d30b,Sorrow,3032,4135145,137517029,203
b44cc817a00f764477d00411e3467f08d128e2680ad0a0193bc3cd0f974f0fb2,icdb,205,374245,16289643,409
672a6478b29f3a13322ee3391e7370c3de9ac2a70dad2c89e6dff1d06c56808d,AlexSmith,1753,1113221,32590172,127
8d6800a3d441e10bf2e6ab7ba651f3977cee46a31604599e04e4e39710fb6a46,fuerapiche,1271,2633985,72724071,42
ea97c4d13e4b59a114a41257fb1f8ec56848876d4e8e90af782f3c665e28521a,jigglybuff,8496,3695190,48611515,268
d0cdaaef67cfd4738dab10f988c7a89bab1755be77dcc6f28993e01aa3b184f3,Johnny P,2531,2192766,79727701,0
345fee3fcd39209ebce8f3da0206c44af41d6742694353c783ee015fba5cc24f,Aleks.01000001,854,2213177,90049188,271
19476c8831b3f7db69d099609dc3c1051770979c965b6ae68289985d39ff77d9,keshav,234,1078484,44110113,29
c05797a50c8ad6afa69352a79da59f4a4c21f8c97c0c5066fc530a606bb777c3,TheJzoli,6411,2635276,83361332,2013
e84d3dd765c678d33792cd37ded88148e79ac7f5afaa45d64e354b1b8e6eb1e1,DIABLO,7103,415525,7247504,-1434
f48b3a8637adea3812d951d486a403461a6b555216d8c4c50135640f65a852ef,Borodach57,694,650774,38573939,193
0fe566a987d6a0c42b9c3656b2c8ca6608fb2487d9d6aee55ed7b61c63ad4730,Terrorh√∂rnchen,1110,368929,11549883,308
9e38efcb1b7cd0dd58778b7200113942ba7d05e98828eacbd66c9638ff06e8aa,vommie,3238,548261,13601055,60
f7ece5de090445b6e9d67e84d50f5080d5367dde3d8867d0a0cb5210c9fb4000,H,6567,10414223,442294671,8632
33a01a7f6de6e4655dd06cff6deff7487b207b7ce47f179b9cc245216935ef1a,33a01a7f6de6e4655dd06cff6deff7487b207b7ce47f179b9cc245216935ef1a,3513,260638,1836905,-6
b589a455512197f74385f01eccbf68aa55ff81d9577b359b10db28fd06293f9f,b589a455512197f74385f01eccbf68aa55ff81d9577b359b10db28fd06293f9f,22400,6818192,177570417,521
db6db618a642434c9df7a7c19bc83c13278533b9fa3a8048764fc6fd4ffa7e1e,db6db618a642434c9df7a7c19bc83c13278533b9fa3a8048764fc6fd4ffa7e1e,3785,741280,14449433,285
eb8634b556acae2b452a1cffe56884abf59765090ab7d0229a4979f456b1c310,Ibrahim Ehab,314,1221261,54137329,47
e2466a25cf532b64c918f85638edb7b12ee4dae15c52e279c1fdf2b2879eb460,zzz81028,1622,1321259,18322757,222
6ec4249787e6952696143d6e46ddea1d394f5e733e42e731c55d0c44b2e910dd,FupaMaster,5866,1820334,44382658,1139
f1f6aa0ed1a8888a43cb7b14b68aa5c7a670f53be0c1c9da1ac5c9320e5bbb32,f1f6aa0ed1a8888a43cb7b14b68aa5c7a670f53be0c1c9da1ac5c9320e5bbb32,1794,336784,40773703,141
c7ec230f33a16e627e904d125c94f7cc346661e69fa3249df190cdd94c14382a,Sid,139,489800,46053153,-3
55ddec35a52e20937e47253669f06fa78aa44752f09b136b70a707d4c2460d66,OrigamiOfficial,826,2306129,27194549,-58
e3b87a1023e4f75cab164fae265d3899c49f8bf92a35d563f9207a71e3899ccd,jtcm,3544,88272,1259353,34
b5b9450f723a803467a9f07eada036fe4d2fed14bc20d6ea9dd5b9e258b20cbc,b5b9450f723a803467a9f07eada036fe4d2fed14bc20d6ea9dd5b9e258b20cbc,7573,2328191,105519521,222
d2a210bc23f7f874db413cac4077317c7ffbbc5c1c2e25738a78561563e97f1c,d2a210bc23f7f874db413cac4077317c7ffbbc5c1c2e25738a78561563e97f1c,1282,789550,41045253,-94
7acec6aeb7d41bf8d4947161b333ff4a5e793a46b9e95b9e64b673f84b5ee71d,7acec6aeb7d41bf8d4947161b333ff4a5e793a46b9e95b9e64b673f84b5ee71d,4356,347392,6450760,-48
871c5cab447eae24b2811d47207409fd44a45bfcabd61465d8cef416d32a8246,MightyJordan,3973,742271,19408610,359
b0befb4cfe9931b0cc2d01b6636b7080adc446985620c581a4b799a44f741e48,smed79,5041,1432800,31748904,-132
44917d5b4e6584f9985b1efe47127bebfdb7a96826a34b045906776a8f5d95a6,Jilani,907,1536622,39882144,60
7052874bffcecfe607297457c372416dc4a0f5122b00ac28b5643eb3f0033d77,7052874bffcecfe607297457c372416dc4a0f5122b00ac28b5643eb3f0033d77,2809,1759772,143482343,513
392db3645e38622c2668e4e427ff4531fe2015e54ba553f2b4912e71a6be6191,Hiyaa,1056,320851,5902029,354
d9e8401f4fa35a369d23b021c43de4e9fa57c0861a64105b1011d1499ec740fd,RandomMac5,2212,766658,10339844,481
0bd38d3b4ffb6664bb49172651eeef44ae8416ac64691aacc7dd649c2520a8b2,0bd38d3b4ffb6664bb49172651eeef44ae8416ac64691aacc7dd649c2520a8b2,410,98300,962159,311
03668321209f89555e4ccb048a1a9cfecc6cf834b6e7c547b9fb71cc7f232e4c,HyphenSam,1750,1322492,28082338,159
cece7df119e948cd619f40fa635d88a6d41eb627c79051b75c32a0035bb3d64d,StrixLuke,44,27285,38573738,14
27cc94ff0066bc6eb106e1d465480f4e7c8c357ad6e64b98ef969eadddf63657,F√§ller,1385,609835,13486484,388
73f67efe82b6563ba407881f8dde3482c277804698a085e7e63c1bc5f091eed5,Kalle,859,920710,33438452,611
0aac09a010fceda6e071eee4081e83d652aff96744916f732a16b9415225e4f7,Chomomo,2936,2970389,164280872,1097
4175105d792784e171d15f2dc2b82a86d5cc5aeadf0eb768ef6fa263d4a50ef5,Daldin,1231,1806672,75180967,1642
08bb9d61fa56b6d440591576e1aa33dd8f9f929ebcbe5c4b0879bf49fd993cc8,08bb9d61fa56b6d440591576e1aa33dd8f9f929ebcbe5c4b0879bf49fd993cc8,1464,564526,5949776,351
70ef2ba3c55d7a8fffa9656530e3b2203ed82bb24395972c53d989cd3a74a331,Citizen,6482,2180532,70987513,70
09ed262cea5f674e7b4262e7f693172e84eaebc8b389dfa37e1415cf8292f5af,prakmr,520,408668,10884273,442
a11abe90ac2bd14a50f3a79f8e1c65fd5f1832c08faabc2e6fdb291ef0a9c6cb,StandWithUkraine,9686,3094032,160186765,2798
038d9725c224dab481c7fe67b3d5501845ca0ee714f2532754f0e73cc9d5df41,IhateIntrosnOutros,4755,48007,536894,21
e301bc0a00260ff030882fce35e20da68032ab0292a5799e1062d6c363a9dc72,FunDeception,1144,757682,19112832,738
905cf8226903a1e364ea1d3f0f51d86d86ef7f0fe0c19cfa0c0c329837acbd70,905cf8226903a1e364ea1d3f0f51d86d86ef7f0fe0c19cfa0c0c329837acbd70,89,137522,61493724,1
66f4b64b87158c52de15fbc5fdb93a42c3aac374190e25ceafd30bc2d871a29f,OsteoidMussel08VNTM,843,1319633,18060445,5
05e1a6a8921e39541d15fadac7426dcb7937046707ead56b94bae4a5a4139c5e,maximmax42,767,1060720,55182382,931
5de7b1147769d618160f6b1ec6711eff82d4b11c43567d2172578b7ee5b63956,Mello,1054,1256296,52465098,55
c585cd0d11f903f1a49e8dfaf45b2453856ac467a2c9ee3888d14dedf87c3ecb,c585cd0d11f903f1a49e8dfaf45b2453856ac467a2c9ee3888d14dedf87c3ecb,1005,898159,33313320,33
492572273e9c6f772ae20a9d2bf034851b6683b18a665383c340a8f0e9205b17,DoctorKishorü©∫,397,1169221,72328234,-117
151b9308e6bd2e229ddce348bcc61d469079c94d286ae40b9badfd9b208a944f,GenyaSanteri,680,1717057,24447601,243
8a2c37bf7e36269dd8f6f4ef3c41617aec9827a7584a1ce24d36330ac67daf81,AmbreO,2774,6094074,211346259,2889
fd0cc49c4d19637c2424146f12611890245c08caa192fc2ae99954bb778aa732,Ganta384,148,482280,62693334,410
23b2f7064e0eb5a7208330e428cb3f568bca2662a22de93c099be51fc2710971,ReboKey,438,616280,20862178,495
73c4dc126c4822f6b649255d56ab5ef80835fbc43a6f69870871f65453ab2975,Mr. September,1404,479624,19308460,373
bb8d4a3ce877c51b33aa19392ca9149c1f52aa61a189b826b8e605f35cf599ac,I üíú catboys üòºüòºüòºüòºüòºüòºüòºüòºüòºüòºüòºüòºüòºüòºüòºüòºüòºüòºüòºüòºüòºüòºüòºüòºüòº,562,520373,20964796,437
15e2246eb4a78cf2e74a122fcff8e6acff2004e4617b5e2386f8d4f7f992fbf3,15e2246eb4a78cf2e74a122fcff8e6acff2004e4617b5e2386f8d4f7f992fbf3,767,1167030,61358245,241
50b9562c3ba0315ce7f15fefb562b3021ee9b999d028795deaf191d8c1a80ea1,Sofia,5410,258887,6123198,-117
b4ef0a7b87f16a8b18f3963d9318abda910900fd87b15d3f1da2772433e0522b,NoMoreAngel,4114,23340066,855712615,6078
789423d7986f217a19779f8a901d5212ad32ccee8f16e650c5563a8bf7335859,789423d7986f217a19779f8a901d5212ad32ccee8f16e650c5563a8bf7335859,2535,2842217,41395251,77
0a0803fd5b65e5744a9715f622e9e7710b3fdc2e3af4c8e6f1888abac781dc95,thyme,1005,902399,76801318,908
040318bfeb88681897304cfb5ddfe283d64c9ebeec70e1cc96ab21d154ac0dfb,ShadowShaman,4674,2094740,92623830,1595
226483950af0f265f8840358bfee44ffe20e4131ea8806c1ead1c587a5744345,brochard,4215,628725,15047249,282
c7e07d172ee94846607f2d6362ea2253b4eeec0b8df8f09a020b2679dda076c3,Abhishekharish01,346,601380,40446131,-14
cfc04f8837e701a3354ce51c6cc348944e6eaadc05725e8d158287ad56fea146,Simob,3169,1779806,71773623,449
deaca3afb9903b2ec7ce283d9f9a5fdf6bf0be56563ee21d9587a73012086b47,69,212,855699,36256061,384
022d1953faf4a650e0bb9d3a8dad72cdf9eede63390995e728d4ee1e2e1adac2,022d1953faf4a650e0bb9d3a8dad72cdf9eede63390995e728d4ee1e2e1adac2,4318,583804,14220541,-281
a9e9e2ae62cd2f2b21ef4e9a924951041284a85694d50b9e501538b9cb94ad16,Trolanchaan,4918,643015,10159089,123
7318fe63ca195d650d7482e7892d2a60a8caa26973bf314d4047708719c9557b,Boba Fett the King of Kings,6521,316163,6644899,251
7a427fdd95c55103681d73738d56c5c34e36b24a52614bcd4f08f910d78654c5,ewonais,2508,678765,23721550,468
c0e55fb65a47c81bc7e6a15df6611f898428048407e813c55b8e209334fc3ce4,c0e55fb65a47c81bc7e6a15df6611f898428048407e813c55b8e209334fc3ce4,31164,2496272,58946728,-1841
e60a7224795956b8f50f10ed75614a3bf938266dfb6259d21fc4a14790a0defd,DiBo,6752,1550396,29779262,-60
c0d535f06056625283ea2dd2e8f5860a7ef8c6f3605de6d1c74b427277e43198,winqooq,475,449598,25127613,941
63e47c43350da18555f96fe059a7bad9c12be72e83aa6083a87dd4964cf35099,Zurani,1034,3764657,70979510,612
b5291a34aacfc156448faa33a0d6e3679d71ac7b2386e2096d12c610c68f0df5,cane,23210,54746410,1415499635,37700
774a9472a4462b438e418eb0c583213d1821836ff2003af36fe4c8e44958e9f1,774a9472a4462b438e418eb0c583213d1821836ff2003af36fe4c8e44958e9f1,3815,1174424,17942385,175
f281e309c58345a2f70bc1738c234648a2bbca28e97b94e792dd881e1575f511,Amusement is the mindest of drowning to death,11374,14437436,542654075,1966
138ad3c2ee340c3ee0b5ab1939e1c60ca68cf2e5e2447c36d0f19902b059f8b5,138ad3c2ee340c3ee0b5ab1939e1c60ca68cf2e5e2447c36d0f19902b059f8b5,3975,950534,18625765,672
007a4bc03a8c53c6fd3b51b4a145e77d4604992b6e22ed53a47a57617a56d6dc,007a4bc03a8c53c6fd3b51b4a145e77d4604992b6e22ed53a47a57617a56d6dc,3278,64473,770616,84
b969fd14dfaeab61e5c692af172999822f95948408e8e95788c6dc471a572b70,b969fd14dfaeab61e5c692af172999822f95948408e8e95788c6dc471a572b70,257,225950,4943568,324
9d5c443dd4a368b4810ebf6c103f1ea06288eae0850884b0dc2786365bc41069,SirKarl,4258,14683602,438633305,7489
8b6e663b78e725d9719027c0f9735e14ea7f07464737bd063c028b470ea57cdc,8b6e663b78e725d9719027c0f9735e14ea7f07464737bd063c028b470ea57cdc,3364,1483862,22607678,85
cf6cf6daa693ce0b43e3f553ec6db88046107a418de1226c70caf4a11c40831f,CloakTheLurker,3112,225907,4797417,-20
7081bb5964c49b39008da95bc9d011ce02797f6700e6ed841c82574dbe516f04,ZeNinja864,917,671746,41112658,-2
676cd7620a696c2b5db7dd847bc12412ff8fb0095ea1d85eeed8accdf853c19b,"But Before That" Manual Bypasser,5064,4658706,234086786,0
7cded3ca53867383e7da40c827b400cd0a769a39ac0b38c21d4dd1b82c07af62,7cded3ca53867383e7da40c827b400cd0a769a39ac0b38c21d4dd1b82c07af62,1598,737618,9890597,390
bfbebe7c83ac984c1391bd1224e546cc740c3b217fe4b4f5768ef94679e3668d,bfbebe7c83ac984c1391bd1224e546cc740c3b217fe4b4f5768ef94679e3668d,3211,262645,4987577,124
3c62a2ff00104c11e7eaa2739b9c5b9ee5bb73f333b626d7ce9d8010bc383a2f,3c62a2ff00104c11e7eaa2739b9c5b9ee5bb73f333b626d7ce9d8010bc383a2f,5611,1086906,23463271,285
61b99395867ef837a6bee97c0722d483d351c574cbc7827fecd361956939a74b,0xE752FcEb452467f591E3cA763CD46b60D49Cea13,2067,531454,4778292,309
3f2010611edd606762c8c383ef8827db947c8391e8d4fa56e056b5a01721db14,Silicone Stew,3409,1527508,25450611,157
d88145482ba35f8bcfbd34c74fbdcba8a374d3e43f31efeed6c624bffb4822b6,Crysal,861,725544,36797384,144
c9f05e91f854dd893ffafaa0eea8dcd1745d49d7a2226e68fa9e2720e7da6749,Maxhyt,832,1277890,30026704,200
ce2a935af71825ea3f09a22d3ceb8777d23fdc699066d320a53bcae42637df9d,GrandMaesterJ,9786,9176681,316374702,6533
a7a9946f2d973936072cd2bb14033fb8a449b8eac289132cf2d84b11137dca5f,ProfSnape,476,460758,93214798,9
5981451cedcb3112e531c2e00257b061b0b03614ae14d4a802c2f652bf5dc5e7,5981451cedcb3112e531c2e00257b061b0b03614ae14d4a802c2f652bf5dc5e7,852,859533,36340684,9
e8adb344b07e36caf5b4ffac63164c2e676a9acf7341ce2bfe78159aa1ece5bc,e8adb344b07e36caf5b4ffac63164c2e676a9acf7341ce2bfe78159aa1ece5bc,8696,17631037,682844899,3985
040cd2877a3a9d3aa8786e97c50fe69644df371c4b0ce8a19796b17f74220529,Archivist,908,694729,18352681,569
2d728688baf5e9d6b9f0545dd41f9074a7468ec532af569b62f351bc9be6a02d,persona124,3505,1770241,39471321,944
6b1c73ae7b1e60aef2d73c5de8f3ee06d220f836e0f8c5daa9255f8c2b4a2c9b,AcesFullOfKings,4874,3538262,81636566,1034
b79c84b69d2282f4eb46b95402401cec4b39af9031ae1106bbbd795776eb55c2,Doomdrvk,654,1140142,31480274,568
9bf880462cdc24da6e8fd72613909c157c6979d976a5f2ee32213299778e4a97,What Ad?,1389,1012478,14375961,734
9dc9e5534551de89a6bf886cddb7b4640d2e59e49e4f40539200689191773545,Synth2gen,952,436340,12356581,406
944d9779978f0ea76ff2b426f76e10d1d20de445e881064ffe154ecf44ffb1e7,paramirage,395,1761974,20624366,-22
54f8dfa6b0b6aefa3d1337ebc10f66fe227cbfe9eaaf3f9cce4cc310d389fb47,Popcorn,2016,569303,15229940,645
5c2dda804935d34e396bb8a382a43f0e9ddbe04464cfef9c4201603aeea81091,5c2dda804935d34e396bb8a382a43f0e9ddbe04464cfef9c4201603aeea81091,2232,595113,12960400,374
0af9bf6e9ea6529ee9d06e895845c7ee51f3528173ccba9326653009c912ac0e,0af9bf6e9ea6529ee9d06e895845c7ee51f3528173ccba9326653009c912ac0e,1305,1095806,15901788,-8
c7c3c80e3b9748f93f46c9f0d0dd4a98e183a56ea22439f654911b9f3d4e0bd2,AnDrEw06,2723,7101232,141657744,1273
ef85e34a83ca1d7d19c99f4fcb8806559614b0f1dd78d955dd8a4256deac5461,TASgod,8719,1013607,9418524,105
04eaa86aa1d69daf39f34e63b254f08ea45da808bfb751438d053868ee32252e,gin freecs,5740,1054848,14156936,74
4dbc9a2b80178cb2c74040555354cb9b3f543d7f673c8b2c2c45fce587afc087,Ax4711,6278,3786860,157067637,1230
5771868ebe3adb3c64f587f564d0d96de9998d3bfaaf6e96281a6a0fbaa795de,prostimi-slovami.ru,1510,1559454,82622095,73
33db58380cbe825fbcafd29022c2da468d96f95f5e6f01fcb6cbc3f23568891c,33db58380cbe825fbcafd29022c2da468d96f95f5e6f01fcb6cbc3f23568891c,3204,873647,37841954,223
89ccb2239ad7d1e9fcf0b9f5a5730a7fbba3a572046bc4873bfcd828c4d3780b,trbatuhankara,1462,1663672,19063823,-10
721df6a5c915efaef08edcdad994b6412a80d483c1784564422a11ff3eaa1d4e,ThugDang,4106,1370230,64384078,-19
3a4a0cb3bac5d1cdd32bb5042082da155283f2f1d73b58c0a08bad9dbcc2aa09,REITP,1494,430239,13384544,331
cef12bececff567111e3be31d8abc26e8abc758738917f008186124dbbe5d059,vodka's child,775,1063446,32711627,832
5dfde2589b605c979e7b585fb2d7bf426914653ae69f2224dacc36689970b3f3,sans undertale,81,34955,43636329,28
5f07a151d41ffdb5c9f65262b96fd1218915cf1af00305eed8dbdbe746695d67,Vavien.,5652,3919497,130975293,1555
1b459c5c0afef2367c2e8a5bdf0a133e02845ab1889cf5154c4c48de2ceedd55,1b459c5c0afef2367c2e8a5bdf0a133e02845ab1889cf5154c4c48de2ceedd55,5985,1061694,9964906,-271
62f8325ea21a18066b08b4e8c562da4ce86497f1b79414ca3bc846449c2fb9c7,Colemak-DH > QWERTY,10270,1853828,20391044,-170
42a3af16621bb28f1d836fb19c342eea497158e8719db3660192daa42b65f118,ZachRyder,2605,1151488,16968255,514
788ea7b21fbd021bacc5408a02dcf0e9b14af8e8b96355ac8ed42d65445e69c6,XDRosenheim,2752,1281924,32840457,605
ec863f88f085987b9ac81f41f628ec7189eb0216a5d999686ec6a7f97ddce003,not_me,2597,2248641,106246113,494
a4303b3b62f45cedaf685ba26aef888f8870700220150ae7ba1f79919f612305,‚≠êÔ∏èBMB012887,6523,4906549,55660436,330
00e45ce1ac1bbb1a268d595c3afd749af97ca5f8ffc921156f289703e408c291,Techon,2296,1221563,4370016,-166
57ddecc5b36813ddb8ea1eba73342c8a783527b884b6ebcb177bf37cafce7620,PureFallen,1402,1131406,30539677,11
941867da577c96dbda11afb62622607a10ef4f7bd79c83a642b6cc6ead419585,Lasscrow,181,1072342,60016329,281
56ce3b9d8133f5aa7ce416f9e6509bb5a0ff9cbd16675d7723b571d831e0c0f0,llamatar,7928,775299,22807679,127
e7455c6e4f09dd62f80c703c48cbcd7b506139bd98b381710aa9f78beffa71c7,–í –ø–∏–∑–¥—É —Ä–µ–∫–ª–∞–º—É,466,414046,7846013,1508
91649ff52632cf75b4e0556e2707777b84cbca407e0ee7260b306bb46ccb6022,91649ff52632cf75b4e0556e2707777b84cbca407e0ee7260b306bb46ccb6022,2422,1158265,12327193,15
d975d15beee3722189bb4cad971a8fbe6df8ae6353e6a1734e042562fa3f342e,arantes,1841,519273,9654553,466
ef5298382071c42d6edd4abd8239bb88f0cef28ab35adfd7f79e80b47da533dc,E.Coli,9289,5421878,157305475,3846
422d4da6f250c39ca29d09e666da34d2b09e30f88c825e56753babe69df62c14,segfault,79,48181,36200197,0
db9e20f445835971abdbcbcaf3afcf4c7d9e3463db81d5bdf0727ea40c9668dd,db9e20f445835971abdbcbcaf3afcf4c7d9e3463db81d5bdf0727ea40c9668dd,10401,3584907,88532195,1018
b4a4856a8c6bd1018cd6a4b5b2cf0609a864f059e124582dd2a5818779282f5c,b4a4856a8c6bd1018cd6a4b5b2cf0609a864f059e124582dd2a5818779282f5c,9217,127261,3715505,-67
733d8fdc0f975f3f27740712935bdbb2b64b1eaaef57400b347be6d3eea0137c,SamurottX,2947,1209227,37497970,258
653549a6e1a919b554b2187e0c3ff59b10df0fbab67a578a0673cac5237fc601,H·ªì Nguy·ªÖn Ho√†ng ƒêƒÉng,522,1181317,19717251,-443
264291c89b9324d484191f3ded9f4ba42971a3ac962ec6ce4e30fdf626a92788,Motorchiknp,2108,1005889,17076883,337
c649ea669fcba7c9e5f66406f2bc3efdf04afaf6013ee86820499387df58e349,Hobo,86,119534,48913415,45
a5fa6d15d60fa762a18045826ca149bbacda3b30b9ed37eec4ca71e001a8b1aa,LavaLambz,1979,1356497,32020852,233
abeded8ead9770801bd69ea1a48e9a2b3a3c9e39117b4b5f82b553df0582d73f,Dario Dimitrov,6253,703393,17643419,884
8a1867c841d4b5e462785e8fa835d6cb834e6e38a6627648bd61f53e83f2a8b1,8a1867c841d4b5e462785e8fa835d6cb834e6e38a6627648bd61f53e83f2a8b1,8794,802185,11346775,605
0c8412220a5ee515d21851da0386559152be208702b144c62b3a07959f90407a,SiTWulf,11324,1328787,27126363,40
a2724599970191cfa70e8fb2f3db4ccff43969259e1a8a520d7c541b47e1626c,a2724599970191cfa70e8fb2f3db4ccff43969259e1a8a520d7c541b47e1626c,6691,421830,29678260,73
3d589632c1871c0e3439a44c19025a7fba18d6b50d7aaec418122d310af2103e,D\D\D,4816,305324,25020776,11
7f01670d22e7f57b99f5afae0aedb87af93a6ac24dcc83782f282b3336da4ca1,SharkHunter,4023,194226,7776161,40
3af50f23686e57002b10311491e51d0b3e32c5983e3e601d011c08c5f7ecfbfa,3af50f23686e57002b10311491e51d0b3e32c5983e3e601d011c08c5f7ecfbfa,15011,1602309,29270867,529
8e355434eeac6acb0bed1c36602e09eefb81ab9d97de40c452f2cf8948b62e2d,TurfJakkals,1222,616700,16060519,513
ea34b437297fd25c2f984e28a018871d7b012e88c5e5a6f42f0f2d8b23189c17,Dracon,4128,977649,12085951,55
d89e0078d8ac2c2bf41bc99fe3429138d80badc96a805df78ff27b5d00c244d7,ITryonSweats,2345,976023,538940038,94
14ec7efccec88665e15a05990cad0d0f480f96286655b28e0fbdf8fe3ead06b8,Rhodesium99,1391,50847,1040283,577
3ddde2bd4ce3f8ca64eb3d9930ced2c5da8c9e5635076f40a737f7a6c9db71e3,Krashgamer,402,1520512,34957070,228
b690e8b5edb86e76af059275fdcc0de08bc800f21386fccac8b673e857a8200d,b690e8b5edb86e76af059275fdcc0de08bc800f21386fccac8b673e857a8200d,1670,569122,36350434,-228
140512daf6c13b9ea3e282afcbb47e5f07c316d8eea4afc876df3ac216ba05b7,muekoeff,3925,474219,5703864,47
265f2b1b791dae632ac8f085290d4783d77326f0bc9c5b0f1041c4a1dcb39e5f,Kuroji Fusky,4743,1037586,9373589,-124
a2a3ce0401e998e80e2f504579270a13f3c0a58ea1e7dd0fb32f0cc9341a9f8a,a2a3ce0401e998e80e2f504579270a13f3c0a58ea1e7dd0fb32f0cc9341a9f8a,4117,74792,4107572,48
051e5278d0c8e27f275f77f54e23936f08c893a0f2950de83299e1502d75a059,051e5278d0c8e27f275f77f54e23936f08c893a0f2950de83299e1502d75a059,337,205802,77081364,25
c845d201241b01cd4a17bd84bc49cbacf82509f8fb0ce27866e3740b30a081bf,venkatsairam,4013,515428,18415274,209
6bf14387297df3152584ae95d6682cdc98cfee30c1e8a6a4ad876babdfee555b,jiraph,19776,16817161,483503315,6987
cbea7db6f193953f85a27ca766247e31507e50e5f85fe052f6989d9b9ffc5aaa,cbea7db6f193953f85a27ca766247e31507e50e5f85fe052f6989d9b9ffc5aaa,265,397225,33527820,36
d059fc63824b13aebfcaa5da9a590babd2613466406ecf52182f383c7988842f,power tripping VIPs,717,1574430,64844204,756
ab53bbf246fe31452dba8b97f98e55ce166acd11a550deae07b97acffece1b5c,blablaka,1297,4009446,257824084,1217
fb502b9e6f14c87747cd15fb72a696664d92f7567682c562750fa07e7209b8ac,Mrz,8847,3474465,39046506,-109
d0dbdd37fa5a35e0b2596e265b27caf64d799836465a461ab86d8d12ae32e54a,GRIFT-INATOR,10945,147102,10734860,-271
70952725e74c5a14a7b3e0d6e7a2a2240afba3089c245dc17e87acb6f9abf60c,execat,2528,1027528,45256247,40
b79afd28f121cf7ffb34fd9ce67e19f03c99f104027e6e250ecf740e05c887af,DmGilev,477,717428,34734437,125
187f998a33711d000765b0f7e45f4289a34e56282257815aa407e402ce9acf80,187f998a33711d000765b0f7e45f4289a34e56282257815aa407e402ce9acf80,6078,2405252,41439833,48
39ccda4d7bbe5d4c86e7cac5a60a7ebd7d67e8e0ec570c58ae32ed3011175a8e,39ccda4d7bbe5d4c86e7cac5a60a7ebd7d67e8e0ec570c58ae32ed3011175a8e,4396,28766,702987,-237
379d4ddf44438eb16515cffb897e741e63f6b36ec0b7893251f089888e8bcd91,iPaul,3076,18222001,503002324,4484
8673cc9c8dddfbec26591f0ed15f603234d69932768abf966411e7d68d64e7f0,aryanoes,3372,4905865,41266103,305
d64a3757d16a11df3cee611fa3672977bc510a6e4a684af663c4af3e2f386e99,StormTetris II,3112,1090562,30561369,719
3999ef44d6cfcf7d6c5cd618b0d284d7e1f3c880eb461017f373cb96d0331b0c,gribo4ek,574,1776122,110812467,113
0ff54b8ff55d05bfe05fed85952fd4b080c68aad7b4b53315f157db736cda669,chibby,996,421258,34216652,83
69468e81f661efd56094d266f602d63232759e3de868d498d4df30f227bc3c0a,MJ,6286,124765,2991646,-169
15a0a063e86578e1eff7f95146d07d4c9eefa585ad6eb880f37560e7cc32f696,15a0a063e86578e1eff7f95146d07d4c9eefa585ad6eb880f37560e7cc32f696,3956,288202,10424837,259
696759299f451655189a69f3030242f872c05ba45836f3789d2ebb768e795691,Junction5990,10398,683994,17231941,91
de9b47e169bafc0831e8e93751efdb46b392aec699f550275196a9c0405f389c,Wok,3113,491326,16484486,61
47680a2175cf040c0440c46601fed2d0a47d99c673ab257248a8706f64d11ac9,StaV,1971,1770906,48437592,526
9c2b86ccf0362b0c5b7626b797e1f50c8ba2764cf110e5255b0ca7f32f94e63e,9c2b86ccf0362b0c5b7626b797e1f50c8ba2764cf110e5255b0ca7f32f94e63e,5147,817266,12026238,-517
32ee2204770a0332a6a42e75f4c1d8907d0e40955419ee1ed8cecfb462ca6101,Steven,3131,2057865,70282686,528
f285552fa2320f86b7125b089f9802859447afbed514c0e98e0dc15545eeb69a,Nanobyte,6882,3454701,81513070,3490
3b4321a762321a355a19707ec4735a11ea18e2f4cac3b889ae082f488f00501b,3b4321a762321a355a19707ec4735a11ea18e2f4cac3b889ae082f488f00501b,3289,626882,15792233,31
6653aafce754bdc5c5d5d2ad4f7ef05e9d7eb91e29f9b8ab9b7a427e63a95254,mschae23,1117,377650,8306164,522
ee49382415b8e63386ac76b7711fca01e4615792c4c1afc5f26dbaa1c68d51d7,ee49382415b8e63386ac76b7711fca01e4615792c4c1afc5f26dbaa1c68d51d7,1581,572510,49419612,238
a44299300bfb1cc595e8ff4928a30aac2ad7533b3ad90798412c8eccdd14ce64,Problematist,5506,1140883,36069732,-121
9897d3bc649a61a92e2cb47ba985d0bca90c9941ad8b24eca1aa65a9d6576092,Niros,26715,100890931,3163074937,33778
97c816509b9a75dc43f6eb01e8ed7294f23b584d247ad0e69808af3a6ba67155,Computer Hax0r,727,325354,6301822,501
ebaf59255ade4239cb73e34a0b141482cb04aaeae3f86fc84b66a4c050a5f13b,aaryan45,21,167952,2598934,315
f4a969e13031b2f1bf96c3fe1d76aa76be38140fe4492de453653ce63b2f6e64,f4a969e13031b2f1bf96c3fe1d76aa76be38140fe4492de453653ce63b2f6e64,917,2259057,61985657,582
69b91e7a5037cd494c08373187358098311655259fbeaf11cb1c81af3200cf88,69b91e7a5037cd494c08373187358098311655259fbeaf11cb1c81af3200cf88,740,824648,12241387,318
420e80df7d524b63728fe4ea47aa8c45b5c10daa83fb75d39e9e96be3ce04708,Grooty,5,7238,137031,608
242007f9eaf0ea8681efb25e7491f138f4aea8c39ad9f5e21d947222e4591674,Columbo,3506,268157,9219793,420
b1a5175b47bcde123c7ddfb73b63d36e5db475f64d05f0a1a4a4e2db6a4cee06,ltcars,3771,11294616,237539940,14557
7c13efd7c13c97a4fcfe7a68e79a4d9da4f8d6e9dc6199e157d37d32e7545067,7c13efd7c13c97a4fcfe7a68e79a4d9da4f8d6e9dc6199e157d37d32e7545067,1159,1049774,45868203,184
98e6c1250361e378131c35a617eaca2991ea8aba3b5f8e7264184bf0b926d106,tl;dr,4282,856596,40913528,314
41a44cb5697f1aba6bd0618f0707b9899e7eae9181c147bb927dc79ac8028021,lica98,5506,1304043,18696031,-85
bb68bfcb855784571aae2ea646aa99097a7f2ef17de46c83af25e3174e162938,yes,1301,2961469,79725813,1741
dadf9f32a3efb3840b41f91a81eb42924680575021b023ff8cf5eba024523348,dadf9f32a3efb3840b41f91a81eb42924680575021b023ff8cf5eba024523348,16422,3149568,75749304,533
613710e83b71a1b1d1287456abf9d8c2fbe1b54448e4697f1e01828bd6cf7b4d,GhostRC,2267,996428,13350922,490
c999bfb7e1e6651296fa6def822c19f63678b0fc000d7f3c38606390df1f7390,c999bfb7e1e6651296fa6def822c19f63678b0fc000d7f3c38606390df1f7390,5433,887007,21334215,-122
b217a4add71e979b5032679a89816ec72e9ac8f566cad9c92446c9aae5e1c974,b217a4add71e979b5032679a89816ec72e9ac8f566cad9c92446c9aae5e1c974,38,1257868,22903791,15
16ed5e76f0f7fc4f69d29d1a939fb2537b1bf82ea6208682484e14c30a2a5fed,pranjal__0612,137,1128323,65591485,33
71282507c6fff7d63f7581c00c189bdcf592818a8e1500ddd8facf1370447d8a,–ß–µ—Ä–Ω—ã–π –¢—Ä–µ—É–≥–æ–ª—å–Ω–∏–∫ –ª—É—á—à–∏–π –∫–∞–Ω–∞–ª –Ω–∞ –Æ—Ç—É–±–µ ^_^,608,329486,14630128,359
06b5e5baa58d93f54bb0810ba34d6bd3574113e2a0457ef598e3a21f352abf05,06b5e5baa58d93f54bb0810ba34d6bd3574113e2a0457ef598e3a21f352abf05,227,864178,71835986,61
8ddbbb412f0fc69b04f971414a946e6da78e32cb86548fe7ea2a3f0abfb8a7b7,gz,15499,3840903,105264355,-1070
f6cf035ac80fd75ae6ab7428c2a1a17a009f58213adae154282d832cd21c092d,prostimi-slovami.ru,8367,2317692,100676083,437
41f69dffd49e45b267bfd1846231ccd2bd47d954e3547c83f675fe779f7deab9,lillpugg,4181,313191,3838080,-130
6d333ca159877afccb475a7d804c76ce77efcba0aca1a9f0ad80a0044f213ce9,ProDabber,5700,849904,9579259,-790
14bc18b4510959fb8bc9636ffdf54941df2d35455b9cb9b5d4e0ed65b0be9c99,grub,39965,15493630,704790906,11284
fc9367f4981bab904957bbebccdd0bd6eb738e2ab15cef8784618ee3365b0709,noobmaster69,678,1251263,26463467,94
e6c0b1129eb7aca5d120c5c74f7cbbf76a91c1733b31663780fa3db728d7a5f2,masp,1211,3957187,125418282,771
17f1ada51d734d321b8eff2996f9c75b67abb60e1468a73519ee29bd50e12e05,copycat,3695,2995383,31481326,166
6d1bedc04ff3c67ec2ae9b4d5f91a8b464aa8d3d9b99425503f44d06cbba1b82,AndiAbrudan,1056,298723,6731922,307
11a88abdb1792c4eb0fe5b5018c69a3ab512e1ccb245773ed147a67d4aa9c343,USBashka,3470,814803,19046015,184
79c580a26c0228bb53f0366ae72dbf4d20291188c2134d762e6a7dff71b2fcc7,Sven,7340,2237465,51053490,910
306e6b876b536e1a75cbd53ba0bb698e230b8d63d50d09dfc8d6dbb2b3c6a9fe,306e6b876b536e1a75cbd53ba0bb698e230b8d63d50d09dfc8d6dbb2b3c6a9fe,1384,704166,11701352,318
202d078e7da230e930314dcec8ea6673c4d73d5efd0691af437c9cd1d46f93a0,202d078e7da230e930314dcec8ea6673c4d73d5efd0691af437c9cd1d46f93a0,2406,3273700,87219000,387
762f1c1f9fbc3a3898bfd570c2fabef2909d990bd110ef3efb4cc476c085acd5,akuma,527,733010,40575660,2
39708d63e1165c3440cb42fe8fb90def12fe036a8c0c4cf345ce82a8ed004ad4,39708d63e1165c3440cb42fe8fb90def12fe036a8c0c4cf345ce82a8ed004ad4,4013,2009,263635,-62
5215979fcc0af0844fcc8d5c21db2b511505aa9a5bbf28a89555cb96fb4ae40b,(sic),1664,878630,27111363,410
05a4c7eda1b2de7efd9d1bc8043c608471cb5411f890be99a840b5ae2a3a454b,fakejohncena,3672,5863026,81044108,289
5b8556695dc391cebec7060c49e996ba380ffb8b9d8df6096939ae1e2dae9424,TurfJakkals,1281,1912870,51632672,0
b3198312c60525ba8023fb0929bfa18a9f6b88d62250c6e74592a1d58c1a2330,MaruSuwa,1887,308090,34131538,6
40a0689dc785bde315c7f31fae2b3898c34d5f59e5ffa6f157d74ccdc6736600,m≈Çody taylor,1988,3070453,71346934,813
19528f0d39dfc63124ce39ee9befc4f9b337489de70324abf9e84f6024680386,–ù–∏–∂–Ω–µ–≤–∞—Ä—Ç–æ–≤—Å–∫ ‚úåüèª,2911,2228551,74519051,600
fcde8fe4315b320c4d05f0bb84f6bad20d0aa3e489afb03fec409eb15a4d8a20,YoshiNuss,2342,5948868,227112453,882
1857fe237c7bf7ba7be058612886ad8f6fc25b8d18482119ef87afbedf0f290d,maukka,10322,2060872,53620220,194
3ba71c8540ddb2958239e807778f5b8c59fe52fbc0e73beab833a3311ffc255a,3ba71c8540ddb2958239e807778f5b8c59fe52fbc0e73beab833a3311ffc255a,3914,675383,14160591,45
194b746b650a47e05a5d6a67f2f493764a4ff92b4ec3eb4fd8857c8e3842fa9a,chrisyfrisky,3332,1108383,11390476,505
4cb595abfd06843a47e823bd5aff7a0dea34d9d2a8ef455117ad9b4757b91dea,Xenova,3567,2863713,81992852,1280
dd54aff0744621f6f5d7150066eea9a5ccdae14b852a07be8df74bc4bfd802ef,dd54aff0744621f6f5d7150066eea9a5ccdae14b852a07be8df74bc4bfd802ef,4615,257079,9193258,-2
6289ebf53de45dad73fa697c0013f48ce48e01d6e9ecb3065cbbe6a0c31903f1,no more submissions thanks to N0N4M3R,27309,3182195,51092282,1223
21487770b5f19986aad65c7aeffa8fb1d664e2765d85ad6f6a756a98bee0319f,cinn,4637,2140227,40909051,1652
5aed359afc7b02f487713f99d9c3ffc791db99e2afb498f43732357f511a834b,niƒüdeli,148,55116,2143273,300
8ef66fb83167ae0ef6339d82beb8b3427ceef7d548ec9082722496efbca19a9f,YouTubeisPoop,4269,289558,6982507,339
d81ee634d4808182c3151aefdeea44114b859116b93d905af5c8ce21c6d4923d,fu1r4,6284,1118348,19108337,254
df50d6e70998f43c3916f725c4c3242199cb8bcc890b0ada8cb96586840de29f,RedMount,6206,724619,14457763,106
d54b8b8c0e56bb4930234593588f18b6820170b01d927465eb96774a2cbf75ca,El Idolo,654,1179895,21809784,49
1f39d6454ed23eca9203a8e082257e2fbaabfdbd98b9350856c849245675eaf0,Zipp,2231,1647294,54373356,385
52930877ae2bccf1a45568938dbf66eb51ddc409417b9a5fa15a6aec8fa4b479,Requitalapp,1462,1765427,117626194,702
32acd25cf97c778a0646480f896a72ceb93aafd20a14d72d6e5e2cbb1466a5c8,Giorgio,1849,1766674,51816933,605
0a99bb18ab2b646ca5a5d0f384f525677512696134148a204482745717b9bc57,Discord.Raka,4071,879192,15418455,145
ec53ab527c6600de9de4d2760ac00571510201d2bc4d5f096e9754bbe5b995a5,Redbird9346,4415,364552,5859029,202
8812f5d37105a77f7b455ee02f6c9df198973e4efbfef08e5724dd4676318a21,altair,753,1515136,24594384,15
10ae4dd1ddce9756a5f4fc8bdcd2ace3d13edf5551809614be720e20a48e4836,Tester123,3611,41054,170643,-34
8129dc249a6cc73cce47fe7461af4ab233db89ac0c1d50462c78631402fea031,Wyled,681,817203,21175048,515
01840023190e4ebf64c73a7b746eb69aaa01c93567b89c4a54db0f7dbc61a520,Wuzzle,861,2869444,135765668,862
a09c69582e96125ea57c73d499291ddf56049b8de873f829553bf2150a8f39ce,Falkus,1647,1410329,53778958,743
0fe78b059a6dd3e34d4ad65a6726abd9076a502f6a5607869b20a90344562612,xrstf,1861,775299,25601964,319
386e988d2bea7502e9ac5e11f05c3a67a4404ada509449861bbba6c83ccb08af,Goaldigger,650,2533323,36678301,-15
67c6a69d20da6dc526b40111d4489395a3ec793ebd8da78255d12a6bff0e8d50,homo.occidentalis,774,2582339,142250044,213
11daa91114073ac6b81ff2fda69ffc6d173f8999f7480d3bbe5313ea2acc44d5,piauwbefpiubawpeigubpaiwuebg,1117,905797,35151811,89
f0b5d78f138080b5a4e7c3f791972a529c7237ec657a19993635fc1dcad54c6a,ANormalDumbass,2912,5368691,95260359,144
03ef011f063567d9b1e860854de17b2f0bf56d38dc8bdfd007b6e8d1cab94709,Scoobington,299,491090,21003602,513
f5ceecc9539a0e56b65a6f3de8010fa5bd9244b6be5fe8c3e43cae58751ebc48,You Shall Not Ads,303,1550713,25974840,71
094494d4a731df1e5173708dd1763b4a1b344a41691368cee64509183b8a2e6b,094494d4a731df1e5173708dd1763b4a1b344a41691368cee64509183b8a2e6b,177,848372,35771413,-8
63805d24b97c6ad2ceb43905421caeafcab5c52406089f36a3c36f3f8c87c246,Still,1465,767483,11822187,324
bbcb7bb48c890ab117c26eba65800c8e604d79c4954be50c01346d1351302462,Sv443,1927,1005785,24178244,317
e13a2397b535fcef220f9f6a10c09be6b52cb03c68defccca76ae97d026908be,WArniNGRUS,433,567252,46773629,62
dbdecfb949384ed680446ef8e04a77a3110746d560514fb3bf7134943888ee35,Zenomit,4016,6046396,115284900,1532
b91db1b3b729cb525c644324d8e5cb25bb2337c70d5ea85c505c55df1160011e,midnightpeanut,652,1493449,25859480,4
1630879ebc98b5f235dfdfc47febe54a94b0d850af2f8083286796f84bb3f395,Marleybones,2803,1415524,32297370,131
4f488312c5509ccd0c9ad52fc6eb0b44af85916dbc6b45eba07d2e68083ae5ff,lumpofsugar,5725,300853,10717454,182
6fbed8b6c170c1a61727731e7b003d711985f3bd949977cd79b44786ed420728,Pan Puszek,4562,285785,6372768,303
1e0595f7ace241d62b0e22f697a5f8eeb056a8d99fc132050f7e5f1ff0d6e5a1,Hiromant,3942,913082,9656633,98
b9badb68991251724005bee2c50dc3fe5add3002cc07b386cb3b2a9fe669c1f0,classicblue,5403,247018,9953153,138
0b266346b9f2cefedaabfb9db8c7524190e345a646f0e0bb2e8783d5d1dcd8ec,Stooper,384,525546,53372982,117
0d005c9d04e9cbe8308f891676499168e2412dd06df43d3c44c7f256674cff1d,M@chine,39216,2145651,38609945,-160
1dcb45b66809089509f9e1025abd6a6f97068334d6d42f131b29b8baede50185,Entropix,5683,1314945,41967741,866
08d13ed2e6776097f2008476aec9665671cad06f739c7a4a67b74ea6cecb30f8,Masfo,4016,254535,6485918,334
864cdcc514aec175c20e75e043a75fb32ebafa3a89bd66d6457616dc5f8a0a58,864cdcc514aec175c20e75e043a75fb32ebafa3a89bd66d6457616dc5f8a0a58,5223,35458,1217740,-50
42f6f6aea4ccc62bb4f791d11df5cc7f05811042d3fed2d9ec009297d3212f6e,FunkeymonkeyTTR,11735,25502742,417975460,2375
6e5bfb58faae4b41d0026905d37370fe6495083c1c4f90eb1cd3b68e78d70498,Omega Beam,5681,6895685,39016353,1267
ec03d750548fb66afa7ff61594e48767c5d1027f74d5718b32c433736aef0194,sbins0310,2480,2583901,76321578,4
f65dee0331fae07e85479106fd3fd77d3b8531aec4c269a516cc1bef54fa281b,Yeontae,478,1686320,22733369,44
dbc1525e5f66e5150376e7bed82765bb2698c184e52dbd41b6e11f17bfa15328,Iceman_R,6096,1359566,13486199,562
63a0a9db1855a461514850d25807c8c36b979ea61dfac4e6aede51475dbc6ae9,Forsen killed Nina,15701,511326,4335880,-10
d290e8bca00738e2c48141da529743205debd85bb5220ef17a72064c3ff98862,billiack,2714,2787063,105584877,630
9d42b629dcbcf14be5b068a90929dc5628d3e002d97ff05fb5706c3423516c6c,midote,415,535867,45683069,-4
085ff66cade464f3071fd30e426466ad1be41972ec4d7875a3f676f670a1b7b7,W√∂lkchen,5373,1941776,33704881,358
f326835f158d1417f43be42e7f422832fd583c17f50b346a309a4c5eabbdfabb,f326835f158d1417f43be42e7f422832fd583c17f50b346a309a4c5eabbdfabb,4731,346538,7678199,169
48871b55ae025e1abc31794628c77c3d3de0c917e87a2712610fbbe5a6685e6e,pcroland,620,320898,6337460,385
32da8d59c0ed76c9c3b3d905d2fbdcb695cc0833ae86a2c19ff353d7c4a1cbe1,32da8d59c0ed76c9c3b3d905d2fbdcb695cc0833ae86a2c19ff353d7c4a1cbe1,4023,24325178,1328052468,5559
0b4998725cba00b299fb0fa2434faad869a54a61936e6745f43ad70da5f50128,TheBroJose,3466,734237,32461960,8
ac88efb147101037b5f69d2706b4a2310cfca51af4dad9aa7033cb9e985c9755,Dauw_Jonas,2445,1342326,21131243,-974
890b6005d39f2e2f89f2c1e1d8566912ef4820395dfe93cd0281e8649479293a,Nazmul Hossain,4713,3587193,43154914,49
a41af5c32c1b19854ce1c8d06543290263da686e3a3135e94dad7d31f55b6e05,A~,229,449121,19038690,329
36e063d070763123ce6b59e4c7e032dd8f650241306fb31508c968b74525ec76,M@chine,5171,190811,3773943,-40
cbae42f4702f7be726466c2adcc0dad1c2dcedbe7ddeaa2c2a1530d043ba61c8,cbae42f4702f7be726466c2adcc0dad1c2dcedbe7ddeaa2c2a1530d043ba61c8,3163,73405,656664,-3
6f5f3497382aefb8cfdb08bd67843e295c511e898b1cc56541fe2b24e6d35193,TraZox,174,361498,21935101,660
1e0867195f8313c0c3a7369167bba2bc2793228db28e256ab1a6ce55fdd498c8,sumith,241,645625,133148703,-44
25edef12c0950b9014530e8e3c9473b48287706eb208018f042ca428895be53b,k0n9,24419,51183545,2013695088,22520
75eb0a0a073682dfab2edbd509f5ceafd0c7c5cf33993526400d37daa80561f0,Orimura Yukiteru,3035,886662,14880646,365
7a7e6f513cd2a7a9abfd5c3dec7c8e2ea0e5e26f2683a83342ebad0f68d7754e,Deedit,3133,5835477,154525358,4266
632a008100d90801cb92f80b7a1165f2d86c3dc6f334783bbe47958fb702c4f7,GTmAster,2637,478051,15689600,394
a8cb9fde674403d6eb4a9d7b03867e16dc14c8732065db3f4d900e566ff7ec6b,RubenKelevra,4722,1111398,27714057,-950
c281aff68e48024d3e517c6bc74f9bbde7ab07c3637681ca108f047bb1bc1f4a,c281aff68e48024d3e517c6bc74f9bbde7ab07c3637681ca108f047bb1bc1f4a,4253,1614620,30059959,1815
a8770a376773d0679b557b1409bd45141f765ed926fca65cf8b030f8e5561168,dewey,1957,2748041,86846155,910
0ccec0d8552b0a006967597942eb3bf12bda2dbf71df0fee059378490d67c39d,0ccec0d8552b0a006967597942eb3bf12bda2dbf71df0fee059378490d67c39d,3646,791817,21379356,41
21780c2aa1771ea09947dc746fb0e35aafcf9acb1e63e55d6901ca55a525e535,21780c2aa1771ea09947dc746fb0e35aafcf9acb1e63e55d6901ca55a525e535,1832,633246,48861843,109
82333a8f8202855d92f491f56fca4871f04d9ec928aedfc5cd2b1672f6c0eba3,KimochiDragon,4284,1379709,24821332,283
8722e1000f6429c47fa4b5f252e0fc11a4947d21260e6e98aca2d368c923c55c,Mortbros,4891,3186061,60165197,-153
0a5b51c032fe3a768eac7b60ca2a64d211f752c9fe6649dbcd758a66918d52dc,somebodyyy,1329,597906,18630474,500
59b7bf2d4e365d456786d95f7ab8e97e03408cd83900488213c59084505cad25,Dunban,4606,133575,5673166,-18
853d4bae80e9b5934c787753334a122e3dd568169c861c9a6317e62342e7842c,Jangkrik,4228,3112702,133826240,702
434603ab6787a8fd13760e54a3b47c44e76f8a13af013cc38f4db1d765faedd4,434603ab6787a8fd13760e54a3b47c44e76f8a13af013cc38f4db1d765faedd4,3663,303107,8281209,95
fd008f07b8cabee4464a37beb2bd7508e3920bab5ede68ce0bbef79db7995b80,SUMITH.G,458,232935,67807749,-6
46c9bb6d24a874d6119824a0676c7ff292a4e58813092ea993b27afad7fd27e8,barra,3179,1233686,43577547,588
c6756c093267b24568c77fddac78645d4d450a75e363a62a3cff625dd594cf95,,2637,351055,7423506,296
4a8d688e80446a12e2c3173a8ccc788334d699874c2bcabcdc6161a9528ff089,momi,3614,544590,12637265,43
007b3010dc7eb0048a9e718e255e9618156554b141f6920691001e144747c1c1,007b3010dc7eb0048a9e718e255e9618156554b141f6920691001e144747c1c1,641,641751,40044699,447
ef4595c4796f642ad4f8bd4c4c86e42884cfca6972bc0b39dc20b2d56474dd59,ZackWB,20336,576377,8949955,-669
f5238ebbf86ef5d2f2b0b2108b32f5c65878d581b7e75648991ced253e946187,f5238ebbf86ef5d2f2b0b2108b32f5c65878d581b7e75648991ced253e946187,3053,1497849,49995024,-125
f55734081e3cf344e6530ebd76f06f72c91727a590fe3211a9b6b58ef4f09a12,Chocodino,3071,1765156,57778523,90
280bc0622baf03b4dd4f8cbb6b01ddc0d5ec6b505ce60d8b018f7160bf94c334,HijackyJay,1584,1395147,23818663,772
d32fc23c788d14e130a28bd5dbecc713879639cfb31a0259b8878f5c9d2868c1,d32fc23c788d14e130a28bd5dbecc713879639cfb31a0259b8878f5c9d2868c1,1678,1132205,38765108,311
62a1a8ffee54e7563dd5bbd7a4f9cac7eec09b00ae71bb0689b2f579b62e30a7,Lilly Soryu,2424,990540,30665577,323
584c0b001bd29407b5306da828e30a5d8153dc4e111eba76a9ea6722d7f6dafb,wHy05,2718,1633390,55989713,85
28940fee320a2ee80f582029a21167cc1b4a383e0fdfaf0c03a42bccc2100327,Kirigaya Kazuto,11923,4709194,61687608,-307
f1e093c8435495898cf93ab9e3f0de574a675f7afc44203eb066a466cb681cc6,Elana LaMonte,3592,546587,15257944,-6
cc75f8dcbdb1dc7493981c078e3ebf2f6c330020b999a934c6e284374e88151e,IKULemni,1576,658435,14280117,424
b7e6f02ee878bf914f83224950b290b71c89c167ad2c1bc5bea907558d124d79,b7e6f02ee878bf914f83224950b290b71c89c167ad2c1bc5bea907558d124d79,915,782494,15467722,517
13b079869690c8f645d245186480d4df361bc0ed2d2c9cd21154b4c9ddcc52f1,ElDemonio,3910,1090847,15212910,-317
453a52f43cd145f9e2d4077cc68168a8cd8fd1f10d1719f10ab1eed8c81db5b7,üî• Bubber,2761,1220598,42791964,761
e8f2ca378c38fcb15e51e7850ab0a106f5c4e43326f4e5fca5306d0c8d4084af,kabama,1081,240865,26547252,391
d90fea355a092c03c21b6703da8f4bc039945ea4d08ad17bbc75f435fe795f51,Cockatrice,2544,1319324,48377740,969
b097a6f34218aea5a2cfb4c7b6bb00a99710480436185ec115a1d590dc0c5b19,chf,313,1506775,8935291,7
4e1f4a1a7fe490bdc938e05e4a92ca20edc65c5786cc24bd0e14b4b583923f5f,pottedmeat,24906,2238424,43339759,-64
b4f7c12d1323d0313a0dfa320e0324350b401f20fb08c21f0db00901d76b0dba,Limbo,8898,668922,19706146,825
6de3fa59a8819ee87e4ff695ed15f18b6078b1db10d1dd3c2cc73293421ee418,DimmKG,3189,1228744,50452255,1576
107fad6fbc17ede2ce696c29eb59e98d97edbbe69e4c411132135301a9251631,Daaniea,1074,1909408,107061938,1458
aafbd9e8bd4454dfdbae163c7ecd4ab9f3523000816824826787e569c152e961,Plasnic,3852,597534,13899697,307
2008b11634ccabac1ce8bf43a4f028fceeba23931846d37a0eee7f3e27252710,Forcen,13382,1343021,112397848,733
135d4ac660216230d576adac6c860a2d9226aa33b827d590fe47a30c9dc384c0,135d4ac660216230d576adac6c860a2d9226aa33b827d590fe47a30c9dc384c0,3159,487095,9487446,113
b32eb6bee355b2ee9f004cf1e1c35bce872ea925da70434c0a1c50a530d7b46d,b32eb6bee355b2ee9f004cf1e1c35bce872ea925da70434c0a1c50a530d7b46d,3293,775898,17103400,142
6fd2aeb8358e113af68b1ecbec1268f95f62fcf88c72f5e028dcbea62998c18f,qUeLo,1459,854754,46037611,178
9505bc22a12159ada057c4e58d92bd63e3174e7d7c7351aed9050cf40b4d00ec,lev,13142,19731604,757232337,5624
d0ca111758f21ea2a134281e5473391d717b6a68a5d8306c32882206bae06ce5,SCG,2559,443829,9876915,406
4e61a5818f0c97c64f985f547ee1f9d4768bee881900209559558ae27ae83df4,4e61a5818f0c97c64f985f547ee1f9d4768bee881900209559558ae27ae83df4,3995,385891,14202054,9
f36aff6b04debd64ca4cf3205b7e3b2eae573dd9ef1fce92c4ed8655ff4ee63d,Diedn'tgo,3218,556088,26308313,411
aef5ba418ca0dab599871faa0ea9478a08262b5c16e6f295bae2e300c64c1cc9,Jingwk,4633,1543375,30446931,938
38f2ae80afab0f9d01e42e2ad3f9f7f5e8c1c8cc736786703905e2f2ab8b0622,hmmm,5699,3606866,68719888,5
ea32cf49412f40137d330585b7c4b10b06d9719cf72ffacf7d2f1e15208ca2b2,mirror176,4645,586285,17162729,107
6be2ec25eca250749e05770dbe6f873205feca9452912c90d7b174b927ee34e9,–î–∂–æ—Ä–µ—Ö –í–µ–ª–∏–∫–∏–π,46,199632,109228544,-3
d44babb254891293901d20d63eb643e0dbeb24d8f432e4fc3acb43d7edfd1d67,falkies,842,353157,33969190,28
f6e9af05d1bc21fff41b8bd8e14f0d7f51cef4e042cab6c663da742dd5ae78fa,Dhrubadey50,1995,2141632,96075783,53
b1c08dbd39285c3c9c05d0b022d082d08981d8d1884c7c09de417d64346cb26b,fixifox00,2248,598723,16852287,688
58e00f356c9ce991334186c247e51ab95804544579856d221959fcbd823dca0e,ReFlex,1119,521147,10601774,684
02f64dde353d995ccb027ddef14c4327d8aa21d75ec72f71471b3d103a42521c,sanzz,295,1283409,63057126,0
c36319d56cb69eddbc0ef695e2eb5d1d91b6663ab4a7c00f73029f75170d36f8,c36319d56cb69eddbc0ef695e2eb5d1d91b6663ab4a7c00f73029f75170d36f8,2773,563200,16776643,563
29c723092833760b5798be581b9d7541b4c08eca56d994cdd490c667f1a36275,JutjuBerzy,3085,1775930,49699740,1442
1198094fddb4bc424e71e3bb3be4f8b26e8df0dce8936e44aaab5033a38a59c6,illiiilli,4501,661939,10875961,235
02ef5324ad16e1a860a2f309c0c39eddc56fdddf32373a33401e9ad8dc8f13b4,02ef5324ad16e1a860a2f309c0c39eddc56fdddf32373a33401e9ad8dc8f13b4,4784,417363,5044057,119
f0a3c6837b632f9b5bf78ab6e3dd5ac7d30a41543cf60e7303de7f794957aadf,f0a3c6837b632f9b5bf78ab6e3dd5ac7d30a41543cf60e7303de7f794957aadf,1810,322387,4759210,544
b1b6f8426eb918d51482184b815ad3a91db752ea92cd7acfe0c899d7e3a23510,SAB5106,3134,942595,31520445,-32
